Block,QUESTION,OPTIONS
1, This is an example of a question with no options,
2,Will this work,yes
2,,no
2,,maybe
2,,idk
2,,asdfs
2,wat,yes
2,,no
2,,maybe
2,,idk
2,,asdfs
2,wtf,yes
2,,no
2,,maybe
2,,idk
2,,asdfs
2,blah,yes
2,,no
2,,maybe
2,,idk
2,,asdfs
2,kitty,yes
2,,no
2,,maybe
2,,idk
2,,asdfs
2,kitteh,yes
2,,no
2,,maybe
2,,idk
2,,asdfs
2,more questions,yes
2,,no
2,,maybe
2,,idk
2,,asdfs
2,bad wolf,yes
2,,no
2,,maybe
2,,idk
2,,asdfs
2,:D,yes
2,,no
2,,maybe
2,,idk
2,,asdfs
2,dsasdf,yes
2,,no
2,,maybe
2,,idk
2,,asdfs
2,lol,yes
2,,no
2,,maybe
2,,idk
2,,asdfs
